"","ID","Name","Status","CPM","Impressions","Clicks","CTR","Used / Daily Limit","Lifetime Spend / Limit","Ad Type","Conv. Count","Conv. Earnings","Actions"
"","54202","VacTonic - US - Angle2 - 250731_08 - MR","Active","5.500","247.3K","5.6K","2.2566","7.190","$1,411.21 / Unlimited","Mid-Roll","11","$1,225.00",""
"","54201","VacTonic - US - Angle1 - 250731_07 - MR","Active","5.500","96.3K","3.2K","3.3082","7.160","$497.85 / Unlimited","Mid-Roll","1","$110.00",""
"","54200","BreezaMax - US - Angle4 - 250731_06 - PR","Paused","3.500","36.1K","282","0.7809","0.000","$125.89 / Unlimited","Pre-roll","0","$0.00",""
"","54199","BreezaMax - US - Angle4 - 250731_05 - MR","Paused","5.000","50.7K","2.7K","5.2422","0.000","$253.35 / Unlimited","Mid-Roll","0","$0.00",""
"","54197","AquaVital - US - Angle2 - 250731_04 - PR","Active","4.000","114.1K","891","0.7812","5.670","$452.87 / Unlimited","Pre-roll","5","$225.00",""
"","54196","AquaVital - US - Angle2 - 250731_03 - MR","Active","5.500","152.3K","4K","2.6147","7.030","$843.78 / Unlimited","Mid-Roll","14","$630.00",""
"","54188","Vital Wrist Ball - US - Angle2 - 250731_02 - MR","Active","5.500","96.2K","3.2K","3.3377","7.310","$497.14 / Unlimited","Mid-Roll","3","$255.00",""
"","54187","Vital Wrist Ball - US - Angle1 - 250731_01 - MR","Active","5.500","96.4K","3.2K","3.3368","7.080","$498.65 / Unlimited","Mid-Roll","5","$425.00",""
"","54129","Tactical Windshield Tool - US - Angle2 - 250730_08 - MR","Active","5.500","223.6K","6.2K","2.7721","6.770","$1,225.15 / Unlimited","Mid-Roll","32","$960.00",""
"","54127","Tactical Windshield Tool - US - Angle1 - 250730_07 - MR","Active","5.500","117.4K","4.3K","3.6777","7.220","$599.33 / Unlimited","Mid-Roll","12","$360.00",""
"","53999","LumoraBeam - US - Angle2 - 250728_05 - MR","Active","5.500","277.2K","8.8K","3.1614","13.420","$1,484.81 / Unlimited","Mid-Roll","18","$1,620.00",""
"","53998","LumoraBeam - US - Angle1 - 250728_04 - MR","Active","5.500","415.3K","10.2K","2.4452","13.420","$2,312.10 / Unlimited","Mid-Roll","32","$2,880.00",""
"","53996","Ruck&Recon Gloves - US - Angle4  - 250728_03 - TS","Active","10.000","0","0","0","0.000","$0.00 / Unlimited","Autoplay","0","$0.00",""
"","53995","Ruck&Recon Gloves - US - Angle4  - 250728_02 - MR","Active","5.500","375.2K","10.2K","2.7217","7.190","$2,115.55 / Unlimited","Mid-Roll","50","$2,500.00",""
"","53994","Ruck&Recon Gloves - US - Angle4  - 250728_01 - PR","Active","4.000","257.9K","2.3K","0.8793","5.830","$986.28 / Unlimited","Pre-roll","13","$650.00",""
"","51854","BuzzDefense Portable - US - Angle8.1 - 250623_01 - PR","Paused","3.500","602.5K","5K","0.8273","0.000","$2,087.21 / Unlimited","Pre-roll","24","$1,320.00",""
"","51721","AmpliHear - US - Angle5 - 250620_04 - PR","Paused","3.500","102.5K","1K","0.9948","0.000","$333.78 / Unlimited","Pre-roll","0","$0.00",""
"","51720","AmpliHear - US - Angle4 - 250620_03 - PR","Paused","3.500","102.4K","971","0.9481","0.000","$333.91 / Unlimited","Pre-roll","4","$360.00",""
"","51719","AmpliHear - US - Angle3 - 250620_02 - PR","Paused","3.500","102.4K","989","0.9661","0.000","$333.43 / Unlimited","Pre-roll","1","$90.00",""
"","51718","Power Saver Pro - US - Angle3 - 250620_01 - PR","Paused","3.500","330.3K","3.1K","0.9469","0.000","$1,124.53 / Unlimited","Pre-roll","8","$560.00",""
"","51456","BreezeBox - US - Angle3.3 - 250616_01 - PR","Paused","3.500","2.7M","26.2K","0.9807","0.000","$8,843.77 / Unlimited","Pre-roll","195","$12,480.00",""
"","51236","AmpliHear - US - Angle2 - 250611_04 - PR","Paused","3.500","360.7K","2.4K","0.6734","0.000","$1,096.38 / Unlimited","Pre-roll","9","$810.00",""
"","51235","AmpliHear - US - Angle2 - 250611_03 - MR","Paused","5.000","311.8K","944","0.3028","0.000","$1,484.60 / Unlimited","Mid-Roll","12","$1,080.00",""
"","51171","BreezeBox - US - Angle3.3 - 250610_01 - MR","Paused","5.500","2.3M","12K","0.5217","0.000","$10,528.14 / Unlimited","Mid-Roll","253","$16,192.00",""
"","50855","Power Saver Pro - US - Angle4 - 250603_02 - PR","Paused","3.500","2.9M","21.6K","0.7464","0.000","$9,753.58 / Unlimited","Pre-roll","159","$11,130.00",""
"","50854","Power Saver Pro - US - Angle4 - 250603_01 - MR","Paused","5.000","245.8K","989","0.4024","0.000","$1,203.05 / Unlimited","Mid-Roll","12","$840.00",""
"","50470","Ergo Z Pillow - US - Angle2 - 250526_03 - MR","Paused","6.000","53.6K","255","0.4756","0.000","$311.07 / Unlimited","Mid-Roll","2","$170.00",""
"","50469","Ergo Z Pillow - US - Angle2 - 250526_02 - PR","Paused","3.000","103.7K","1K","1.0019","0.000","$301.09 / Unlimited","Pre-roll","1","$85.00",""
"","50226","BuzzDefense Portable - US - Angle7 - 250521_05 - PR NewsMax","Paused","5.010","3.1K","1","0.0319","0.000","$15.71 / Unlimited","Pre-roll","0","$0.00",""
"","50225","BuzzDefense Portable - US - Angle5 - 250521_04 - PR NewsMax","Paused","6.500","1","0","0","0.000","$0.01 / Unlimited","Pre-roll","0","$0.00",""
"","50224","Radar Shield Pro - US - Angle1 - 250521_03 - PR NewsMax","Paused","5.010","2.4K","0","0","0.000","$12.15 / Unlimited","Pre-roll","0","$0.00",""
"","50223","Polar Cooling - US - Angle3.1 - 250521_02 - PR NewsMax","Paused","6.500","1","0","0","0.000","$0.01 / Unlimited","Pre-roll","0","$0.00",""
"","50222","TitanCut Pro - US - 250521_01 - PR NewsMax","Paused","5.010","2.5K","6","0.2397","0.000","$12.54 / Unlimited","Pre-roll","0","$0.00",""
"","50057","TitanCut Pro - US - 250519_05 - MR","Paused","5.500","2.3M","13.5K","0.5929","0.000","$11,922.82 / Unlimited","Mid-Roll","306","$18,360.00",""
"","50056","TitanCut Pro - US - 250519_04 - PR","Paused","3.000","303.1K","3.5K","1.1493","0.000","$897.44 / Unlimited","Pre-roll","17","$1,020.00",""
"","50055","Polar Cooling - US - Angle3.1 - 250519_03 - MR","Paused","5.000","286.5K","1.5K","0.5312","0.000","$1,322.13 / Unlimited","Mid-Roll","19","$1,216.00",""
"","50054","Polar Cooling - US - Angle3.1 - 250519_02 - PR","Paused","3.000","506.3K","5.9K","1.1683","0.000","$1,349.08 / Unlimited","Pre-roll","17","$1,088.00",""
"","49982","Radar Shield Pro - US - Angle1 - 250516_06 - MR","Paused","5.000","805.8K","3.1K","0.383","0.000","$3,809.96 / Unlimited","Mid-Roll","45","$2,913.00",""
"","49981","Radar Shield Pro - US - Angle1 - 250516_05 - PR","Paused","3.000","731.4K","6.7K","0.9199","0.000","$2,152.93 / Unlimited","Pre-roll","22","$1,388.00",""
"","49944","BuzzDefense Portable - US - Angle7 - 250515_10 - MR","Paused","5.000","980.5K","5K","0.51","0.000","$4,721.85 / Unlimited","Mid-Roll","102","$5,105.00",""
"","49943","BuzzDefense Portable - US - Angle7 - 250515_09 - PR","Paused","3.500","6.3M","46.1K","0.7371","0.000","$20,348.27 / Unlimited","Pre-roll","510","$26,380.00",""
"","49942","BuzzDefense Portable - US - Angle4 - 250515_08 - PR","Paused","3.000","30.6K","229","0.7481","0.000","$87.50 / Unlimited","Pre-roll","1","$50.00",""
"","49940","BuzzDefense Portable - US - Angle4 - 250515_07 - MR","Paused","6.000","16.7K","108","0.6479","0.000","$95.80 / Unlimited","Mid-Roll","2","$100.00",""
"","49350","BuzzDefense Portable - US - Angle5 - 250502_05 - MR","Paused","5.500","2.1M","18.6K","0.8736","0.000","$11,674.31 / Unlimited","Mid-Roll","294","$14,700.00",""
"","49349","BuzzDefense Portable - US - Angle5 - 250502_04 - PR","Paused","3.000","1.6M","15.7K","1.0107","0.000","$5,597.41 / Unlimited","Pre-roll","115","$5,755.00",""
"","47854","SolarSplash - US - 250404_08 - MR","Paused","5.000","135.9K","1.3K","0.9703","0.000","$710.26 / Unlimited","Mid-Roll","9","$405.00",""
"","47853","SolarSplash - US - 250404_07 - PR","Paused","6.000","52.4K","638","1.2166","0.000","$307.80 / Unlimited","Pre-roll","2","$90.00",""
"","47836","Wood Ranger Power Shears - US - 250404_04 - MR","Paused","6.000","303.1K","2.4K","0.8054","0.000","$1,706.81 / Unlimited","Mid-Roll","17","$1,360.00",""
"","47835","Wood Ranger Power Shears - US - 250404_03 - PR","Paused","5.000","440.6K","3.8K","0.8532","0.000","$2,146.73 / Unlimited","Pre-roll","28","$2,240.00",""
"","47725","HappyBirdy - US - 250402_10 - MR","Paused","5.000","131K","435","0.3319","0.000","$607.06 / Unlimited","Mid-Roll","2","$170.00",""
"","47724","HappyBirdy - US - 250402_09 - PR","Paused","4.000","155.7K","1K","0.6437","0.000","$568.63 / Unlimited","Pre-roll","0","$0.00",""
"","47720","BuzzDefense Portable - US - Angle3 - 250402_08 - MR","Paused","6.000","305.1K","4.5K","1.4644","0.000","$1,756.67 / Unlimited","Mid-Roll","31","$1,647.94",""
"","47719","BuzzDefense Portable - US - Angle3 - 250402_07 - PR","Paused","5.000","250.9K","3.2K","1.2744","0.000","$1,233.33 / Unlimited","Pre-roll","22","$1,038.33",""
"","47150","PowerStream - US - Angle1 - 250324_02 - MR","Paused","4.000","846.2K","6.5K","0.7719","0.000","$4,614.22 / Unlimited","Mid-Roll","55","$4,675.00",""
"","47148","PowerStream - US - Angle1 - 250324_01 - PR","Paused","6.000","1.8M","26.4K","1.4776","0.000","$9,898.67 / Unlimited","Pre-roll","151","$12,835.00",""
"","47049","HydroNozzle - US - Angle1 - 250322_04 - MR","Paused","6.000","328.2K","3.2K","0.9646","0.000","$1,910.47 / Unlimited","Mid-Roll","47","$1,931.91",""
"","47048","HydroNozzle - US - Angle1 - 250322_03 - PR","Paused","5.000","380.2K","6.6K","1.7295","0.000","$1,840.96 / Unlimited","Pre-roll","56","$1,989.47",""
"","44918","SafeCard - US - Angle1 - Desktop - 250214_01 - PR","Paused","10.500","243.7K","4.4K","1.7944","0.000","$2,209.86 / Unlimited","Pre-roll","35","$1,680.00",""
"","44917","SafeCard - US - Angle1 - Mobile - 250214_02 - PR","Paused","5.500","618.6K","2.7K","0.4319","0.000","$3,241.35 / Unlimited","Pre-roll","62","$2,976.00",""
"","44378","BatBeam - US - Angle5 - Mobile - 250206_02 - PR","Paused","5.000","58.8K","287","0.4877","0.000","$282.41 / Unlimited","Pre-roll","0","$0.00",""
"","44377","BatBeam - US - Angle5 - Desktop - 250206_01 - PR","Paused","10.000","46.4K","652","1.406","0.000","$405.55 / Unlimited","Pre-roll","2","$120.00",""
"","44111","Reequip - US - Angle5b - Mobile - 250131_07 - MR","Paused","5.500","220.8K","643","0.2912","0.000","$1,209.56 / Unlimited","Mid-Roll","8","$600.00",""
"","44110","Reequip - US - Angle5b - Desktop - 250131_06 - MR","Paused","10.500","116.6K","2.5K","2.1184","0.000","$1,199.94 / Unlimited","Mid-Roll","13","$975.00",""
"","43984","CuTium - US - Angle1 - Mobile - 250130_04 - MR","Paused","5.000","1.3M","5.9K","0.4662","0.000","$6,413.62 / Unlimited","Mid-Roll","109","$7,085.00",""
"","43983","CuTium - US - Angle1 - Desktop - 250130_03 - MR","Paused","10.500","354.4K","8.7K","2.4439","0.000","$3,460.22 / Unlimited","Mid-Roll","54","$3,510.00",""
"","43982","Grounded Boots - US - Angle6 - Mobile - 250130_02 - MR","Paused","5.000","258.4K","954","0.3692","0.000","$1,393.31 / Unlimited","Mid-Roll","2","$164.00",""
"","43981","Grounded Boots - US - Angle6 - Desktop - 250130_01 - MR","Paused","11.000","271.6K","7K","2.56","0.000","$2,718.41 / Unlimited","Mid-Roll","29","$2,378.00",""
"","43456","BatBeam - US - Angle4 - Mobile - 250120_02 - MR","Paused","6.000","737.6K","2.3K","0.3068","0.000","$4,181.66 / Unlimited","Mid-Roll","57","$3,320.00",""
"","42970","BatBeam - US - Angle4 - Desktop - 250110_10 - MR","Paused","10.500","1.1M","26.5K","2.4706","0.000","$10,158.55 / Unlimited","Mid-Roll","231","$13,160.00",""
"","42813","Voltex Heated Vest - US - CTV - Angle1b - 250109_02","Paused","3.000","177.1K","5","0.0028","0.000","$364.98 / Unlimited","CTV","0","$0.00",""
"","42230","Stealth Bird 4k Fiber Carbon - US - Angle5 - CTV - 241224_01","Paused","3.000","1.1M","10","0.0009","0.000","$2,275.79 / Unlimited","CTV","0","$0.00",""
"","42200","Adjustable Glasses - US - Angle3a - CTV - 241223_04","Paused","3.000","471K","5","0.0011","0.000","$1,161.45 / Unlimited","CTV","0","$0.00",""
"","42194","4HandsMassager - US - Angle1a - CTV - 241223_01","Paused","3.000","264.5K","10","0.0038","0.000","$966.18 / Unlimited","CTV","0","$0.00",""
"","42104","Grounded Boots - US - Angle4b - Desktop - 241220_04 - PR","Paused","11.000","104.8K","712","0.6791","0.000","$1,001.48 / Unlimited","Pre-roll","5","$410.00",""
"","42103","Grounded Boots - US - Angle4b - Desktop - 241220_03 - MR","Paused","11.000","149.8K","841","0.5614","0.000","$1,294.13 / Unlimited","Mid-Roll","7","$574.00",""
"","42031","StealthBird Carbon - US - Angle5 - Mobile - 241219_07 - PR","Paused","6.000","117.1K","418","0.3571","0.000","$698.37 / Unlimited","Pre-roll","5","$485.00",""
"","42030","StealthBird Carbon - US - Angle5 - Mobile - 241219_06 - MR","Paused","6.000","436.7K","1.2K","0.2666","0.000","$2,567.86 / Unlimited","Mid-Roll","19","$1,855.00",""
"","42027","4HandsMassager - US - Angle1a - Mobile - 241219_05 - PR","Paused","6.000","517.6K","2.4K","0.4618","0.000","$3,056.93 / Unlimited","Pre-roll","41","$2,542.00",""
"","42026","4HandsMassager - US - Angle1a - Mobile - 241219_04 - MR","Paused","6.000","689.3K","2.5K","0.365","0.000","$4,025.16 / Unlimited","Mid-Roll","66","$4,092.00",""
"","42015","Grounded Boots - US - Angle4b - Mobile - 241219_03 - PR","Paused","6.000","514.5K","2.4K","0.4757","0.000","$3,026.96 / Unlimited","Pre-roll","31","$2,542.00",""
"","42014","Grounded Boots - US - Angle4b - Mobile - 241219_02 - MR","Paused","6.000","68.9K","254","0.3684","0.000","$400.57 / Unlimited","Mid-Roll","0","$0.00",""
"","41009","Voltex Heated Scarf - US - Mobile - 241129_02 - MR","Paused","6.000","119.8K","372","0.3106","0.000","$710.27 / Unlimited","Mid-Roll","7","$346.00",""
"","41007","BlissHeatV2 - US - Mobile - 241129_01 - MR","Paused","6.000","625.8K","1.8K","0.2894","0.000","$3,642.34 / Unlimited","Mid-Roll","49","$3,185.00",""
"","40276","HeatVortex - US - Angle5 - Desktop - 241116_01 - MR","Paused","11.000","428.6K","9.9K","2.3145","0.000","$4,504.59 / Unlimited","Mid-Roll","79","$4,098.67",""
"","40275","HeatVortex - US - Angle5 - Mobile - 241116_02 - MR","Paused","6.000","396.9K","1.2K","0.2953","0.000","$2,297.98 / Unlimited","Mid-Roll","34","$1,850.75",""
"","39928","HeatVortex - US - Angle1b - Mobile - 241108_04 - MR","Paused","6.000","174.7K","678","0.3882","0.000","$998.01 / Unlimited","Mid-Roll","11","$662.95",""
"","39927","HeatVortex - US - Angle1b - Desktop - 241108_03 - MR","Paused","11.000","66.6K","1.6K","2.3583","0.000","$715.74 / Unlimited","Mid-Roll","7","$284.04",""
"","39465","Vital Health Ring - US - Angle2 - Mobile - 241101_02 - MR","Paused","6.000","203.7K","664","0.326","0.000","$1,189.57 / Unlimited","Mid-Roll","8","$480.00",""
"","39464","Vital Health Ring - US - Angle2 - Desktop - 241101_01 - MR","Paused","10.500","100.5K","2.3K","2.2819","0.000","$1,020.57 / Unlimited","Mid-Roll","4","$240.00",""
"","39068","Voltex Heated Vest - US - Mobile - 241025_09 - MR","Paused","5.000","2M","8.9K","0.4548","0.000","$9,616.06 / Unlimited","Mid-Roll","142","$9,624.00",""
"","39067","Voltex Heated Vest - US - Desktop - 241025_08 - MR","Paused","10.500","1.2M","34.4K","2.7771","0.000","$12,205.98 / Unlimited","Mid-Roll","213","$14,478.00",""
"","39066","H2Next - US - Angle1 - Mobile - 241025_07 - MR","Paused","7.000","401.2K","9.7K","2.4215","0.000","$2,446.32 / Unlimited","Mid-Roll","35","$2,314.00",""
"","39065","H2Next - US - Angle1 - Desktop - 241025_06 - MR","Paused","10.500","650.1K","17.5K","2.6956","0.000","$6,547.04 / Unlimited","Mid-Roll","103","$6,947.00",""
"","39064","HeatVortex - US - Angle3 - Desktop - 241025_04 - MR","Paused","10.500","660.4K","15.4K","2.3308","0.000","$6,511.44 / Unlimited","Mid-Roll","115","$6,134.03",""
"","39063","HeatVortex - US - Angle3 - Mobile - 241025_05 - MR","Paused","5.000","1.5M","6.5K","0.4204","0.000","$7,513.04 / Unlimited","Mid-Roll","133","$7,503.39",""
"","38955","Vital Health Ring - US - Angle1 - Desktop - 241023_12 - MR","Paused","10.500","37.1K","911","2.4531","0.000","$368.75 / Unlimited","Mid-Roll","1","$60.00",""
"","38954","Vital Health Ring - US - Angle1 - Mobile - 241023_13 - MR","Paused","5.000","74.8K","214","0.2861","0.000","$367.79 / Unlimited","Mid-Roll","0","$0.00",""
"","38931","HeatVortex - US - Angle4 - Mobile - 241023_11 - MR","Paused","5.000","1.1M","3.1K","0.281","0.000","$5,343.83 / Unlimited","Mid-Roll","83","$4,522.83",""
"","38930","HeatVortex - US - Angle4 - Desktop - 241023_10 - MR","Paused","10.500","394.7K","8.7K","2.2107","0.000","$4,026.99 / Unlimited","Mid-Roll","61","$3,061.04",""
"","38927","Grounded Footwear - US - Angle4b - Mobile - 241023_09 - MR","Paused","6.000","2.4M","10.3K","0.422","0.000","$12,450.09 / Unlimited","Mid-Roll","305","$15,446.00",""
"","38926","Grounded Footwear - US - Angle4b - Desktop - 241023_08 - MR","Paused","12.500","667.5K","19.8K","2.9677","0.000","$7,264.34 / Unlimited","Mid-Roll","164","$9,326.00",""
"","38868","Herz P1 Smart Ring - US - Mobile - 241022_02 - MR","Paused","5.000","17.8K","53","0.2972","0.000","$87.26 / Unlimited","Mid-Roll","0","$0.00",""
"","38867","Herz P1 Smart Ring - US - Desktop - 241022_01 - MR","Paused","10.500","9.2K","228","2.4657","0.000","$87.84 / Unlimited","Mid-Roll","1","$68.00",""
"","38827","VitalTac - US - Mobile - 241021_19 - MR","Paused","5.000","123K","378","0.3072","0.000","$614.42 / Unlimited","Mid-Roll","10","$490.00",""
"","38826","VitalTac - US - Desktop - 241021_18 - MR","Paused","10.500","15.2K","343","2.256","0.000","$154.62 / Unlimited","Mid-Roll","0","$0.00",""
"","38825","VitalTac - US - Mobile - 241021_17 - PR","Paused","5.000","25K","75","0.2997","0.000","$125.09 / Unlimited","Pre-roll","0","$0.00",""
"","38824","VitalTac - US - Desktop - 241021_16 - PR","Paused","10.500","14.9K","300","2.0082","0.000","$154.59 / Unlimited","Pre-roll","0","$0.00",""
"","38823","StealthBird - US - Mobile - 241021_15 - MR","Paused","5.000","132.1K","445","0.3369","0.000","$658.47 / Unlimited","Mid-Roll","4","$380.00",""
"","38822","StealthBird - US - Desktop - 241021_14 - MR","Paused","10.500","58.8K","1.5K","2.61","0.000","$608.52 / Unlimited","Mid-Roll","7","$665.00",""
"","38821","StealthBird - US - Mobile - 241021_13 - PR","Paused","5.000","25.3K","87","0.3444","0.000","$126.25 / Unlimited","Pre-roll","0","$0.00",""
"","38820","StealthBird - US - Desktop - 241021_12 - PR","Paused","10.500","34.2K","966","2.8209","0.000","$355.76 / Unlimited","Pre-roll","4","$380.00",""
"","38816","Fuel Save Pro - US - Mobile - 241021_11 - MR","Paused","5.000","174.3K","777","0.4457","0.000","$870.58 / Unlimited","Mid-Roll","11","$682.00",""
"","38815","Fuel Save Pro - US - Desktop - 241021_10 - MR","Paused","10.500","93.5K","2.5K","2.7096","0.000","$966.96 / Unlimited","Mid-Roll","20","$1,240.00",""
"","38814","Fuel Save Pro - US - Mobile - 241021_09 - PR","Paused","5.000","26.5K","142","0.5356","0.000","$132.52 / Unlimited","Pre-roll","1","$62.00",""
"","38813","Fuel Save Pro - US - Desktop - 241021_08 - PR","Paused","10.500","24.7K","523","2.1152","0.000","$258.52 / Unlimited","Pre-roll","0","$0.00",""
"","38812","BlissHeat - US - Mobile - 241021_07 - MR - Angle1","Paused","5.000","121.7K","304","0.2497","0.000","$608.10 / Unlimited","Mid-Roll","6","$390.00",""
"","38811","BlissHeat - US - Desktop - 241021_06 - MR - Angle1","Paused","10.500","58.4K","1.4K","2.4578","0.000","$608.23 / Unlimited","Mid-Roll","4","$260.00",""
"","38810","BlissHeat - US - Mobile - 241021_05 - PR - Angle1","Paused","5.000","49.9K","152","0.3044","0.000","$249.64 / Unlimited","Pre-roll","3","$195.00",""
"","38809","BlissHeat - US - Desktop - 241021_04 - PR - Angle1","Paused","10.500","63.2K","1.5K","2.4007","0.000","$659.58 / Unlimited","Pre-roll","3","$195.00",""
"","38751","LifeWater Bottle - US - Mobile - 241019_04","Paused","6.000","1.3M","6.6K","0.5075","0.000","$7,546.77 / Unlimited","Pre-roll","115","$7,555.00",""
"","38750","LifeWater Bottle - US - Desktop - 241019_03","Paused","10.500","1.5M","37.8K","2.4938","0.000","$15,159.15 / Unlimited","Pre-roll","242","$15,915.00",""
"","38578","Grounded Footwear - US - Angle5 - Desktop - 241016_01","Paused","10.500","90K","1.7K","1.8631","0.000","$922.09 / Unlimited","Pre-roll","11","$737.00",""
"","38577","Grounded Footwear - US - Angle5 - Mobile - 241016_02","Paused","5.000","124.4K","420","0.3375","0.000","$620.98 / Unlimited","Pre-roll","4","$268.00",""
"","37420","Grounded Footwear - US - Mobile - 240924_08 - Mid-Roll","Paused","5.000","1.8M","6.7K","0.3683","0.000","$8,878.98 / Unlimited","Mid-Roll","188","$10,885.00",""
"","37098","Grounded Footwear - US - Desktop - 240918_05","Paused","10.500","3M","73.6K","2.4401","0.000","$30,828.91 / Unlimited","Pre-roll","624","$38,130.00",""
"","37097","Grounded Footwear - US - Mobile - 240918_06","Paused","6.000","4.5M","15.7K","0.3508","0.000","$21,911.28 / Unlimited","Pre-roll","459","$28,632.00",""
"","37096","Grounded Footwear - CA - Mobile - 240918_04","Paused","5.000","201.6K","401","0.1989","0.000","$738.52 / Unlimited","Pre-roll","5","$320.00",""
"","37095","Grounded Footwear - CA - Desktop - 240918_03","Paused","10.500","120.7K","2.4K","1.9703","0.000","$814.62 / Unlimited","Pre-roll","6","$384.00",""
"","36680","FireBlaze - US - Mobile - 240911_02 - Mid-Roll","Paused","5.000","5.7M","18.2K","0.3205","0.000","$26,198.62 / Unlimited","Mid-Roll","765","$39,160.00",""
"","36679","FireBlaze - US - Desktop - 240911_01 - Mid-Roll","Paused","11.500","1.8M","52.8K","2.8919","0.000","$16,330.25 / Unlimited","Mid-Roll","596","$30,400.00",""
"","35737","SolarSplash - US - Mobile - 240826_02","Paused","5.000","445.8K","1.7K","0.3768","0.000","$2,188.36 / Unlimited","Pre-roll","30","$1,200.00",""
"","35736","SolarSplash - US - Desktop - 240826_01","Paused","10.500","242.8K","6.4K","2.6386","0.000","$2,497.22 / Unlimited","Pre-roll","58","$2,320.00",""
"","35629","FireBlaze - US - Mobile - 240823_04","Paused","5.000","7.6M","24.2K","0.3177","0.000","$36,882.00 / Unlimited","Pre-roll","1,219","$62,342.00",""
"","35626","FireBlaze - US - Desktop - 240823_03","Paused","10.500","6M","131.6K","2.2087","0.000","$59,298.47 / Unlimited","Pre-roll","1,714","$87,870.00",""
"","32721","Auto Air Pump -  US - Mobile - 240710_16","Paused","5.000","24.9K","64","0.2567","0.000","$120.83 / Unlimited","Pre-roll","0","$0.00",""
"","32720","Auto Air Pump -  US - Desktop - 240710_15","Paused","10.500","12K","334","2.7822","0.000","$120.51 / Unlimited","Pre-roll","1","$75.00",""
"","32719","MoonBeamUltra - US - Mobile - 240710_14","Paused","5.000","20.5K","42","0.2052","0.000","$100.68 / Unlimited","Pre-roll","1","$24.73",""
"","32620","BuzzBash Portable - US - Mobile - 240709_02","Paused","5.000","34.4K","115","0.3345","0.000","$159.46 / Unlimited","Pre-roll","1","$45.00",""
"","32619","BuzzBash Portable - US - Desktop - 240709_01","Paused","10.500","16.4K","414","2.5225","0.000","$161.08 / Unlimited","Pre-roll","2","$90.00",""
"","32310","ChillWell - US - Mobile - 240702_04","Paused","5.500","4.4M","9.7K","0.2194","0.000","$21,134.94 / Unlimited","Pre-roll","366","$29,280.00",""
"","32309","ChillWell - US - Desktop - 240702_03","Paused","10.500","188.4K","4.6K","2.4534","0.000","$1,927.94 / Unlimited","Pre-roll","19","$1,520.00",""
"","32308","BreezyComforts - US - Mobile - 240702_02","Paused","5.000","846.8K","2K","0.2345","0.000","$3,815.93 / Unlimited","Pre-roll","46","$4,140.00",""
"","32307","BreezyComforts - US - Desktop - 240702_01","Paused","10.500","297.5K","8.4K","2.8394","0.000","$2,999.48 / Unlimited","Pre-roll","25","$2,250.00",""
"","32051","ChillWell - US - Mobile - 240626_09","Paused","5.000","207.9K","509","0.2449","0.000","$1,005.07 / Unlimited","Pre-roll","16","$1,280.00",""
"","32050","ChillWell - US - Desktop - 240626_08","Paused","10.500","108.9K","2.4K","2.1887","0.000","$1,066.44 / Unlimited","Pre-roll","8","$640.00",""
"","31891","PestPulse Pro - US - Display 300x250 - 240624_02","Paused","5.000","501.3K","1.2K","0.235","0.000","$1,397.86 / Unlimited","300x250","3","$180.00",""
"","31799","TrumpLighter - US - Mobile - 240621_05","Paused","5.000","87.9K","204","0.2322","0.000","$423.45 / Unlimited","Pre-roll","7","$165.50",""
"","31798","TrumpLighter - US - Desktop - 240621_04","Paused","10.500","648K","15.3K","2.3678","0.000","$6,375.87 / Unlimited","Pre-roll","253","$7,604.47",""
"","24559","BreezyComforts - US - Mobile - 240611_11","Paused","6.000","3.3M","9.6K","0.2879","0.000","$19,166.73 / Unlimited","Pre-roll","306","$27,540.00",""
"","24558","BreezyComforts - US - Desktop - 240611_10","Paused","11.000","2M","61.2K","3.0179","0.000","$22,374.77 / Unlimited","Pre-roll","398","$35,820.00",""
"","24386","BrightGuard360 - US - Mobile - 240607_11","Paused","6.000","1.1M","3.6K","0.3344","0.000","$5,875.52 / Unlimited","Pre-roll","80","$4,769.28",""
"","24384","BrightGuard360 - US - Desktop - 240607_10","Paused","10.500","174.3K","4.9K","2.8058","0.000","$1,810.83 / Unlimited","Pre-roll","15","$771.66",""
"","24380","SpinView Pro - CA - Desktop - 240607_08","Paused","12.000","228.5K","7.3K","3.1903","0.000","$1,596.43 / Unlimited","Pre-roll","36","$1,440.00",""
"","24379","SpinView Pro - CA - Mobile - 240607_09","Paused","5.000","273.9K","599","0.2187","0.000","$1,147.32 / Unlimited","Pre-roll","22","$880.00",""
"","24377","SpinView Pro - US - Mobile - 240607_07","Paused","5.000","669.5K","2K","0.3045","0.000","$3,301.81 / Unlimited","Pre-roll","94","$3,760.00",""
"","24358","SpinView Pro - US - Desktop - 240607_06","Paused","10.500","768.6K","36.4K","4.7367","0.000","$7,915.81 / Unlimited","Pre-roll","255","$10,200.00",""
"","24271","BuzzDefense Portable - US - Desktop - 240606_06 - Angle3","Paused","10.500","208.2K","5.9K","2.8162","0.000","$2,159.30 / Unlimited","Pre-roll","34","$1,391.43",""
"","24270","BuzzDefense Portable - US - Mobile - 240606_07 - Angle3","Paused","5.000","477.1K","1.2K","0.2611","0.000","$2,368.39 / Unlimited","Pre-roll","42","$1,794.61",""
"","24269","PestPulsePro - US - Mobile - 240606_05","Paused","5.000","294K","577","0.1962","0.000","$1,459.29 / Unlimited","Pre-roll","18","$1,080.00",""
"","24266","PestPulsePro - US - Desktop - 240606_04","Paused","10.500","513K","17.3K","3.3717","0.000","$5,277.42 / Unlimited","Pre-roll","76","$4,560.00",""
"","22050","LifeHammer - DE - Desktop - 240510_03","Paused","10.500","37.9K","1.8K","4.6475","0.000","$349.56 / Unlimited","Pre-roll","5","$200.00",""
"","21900","Logic Media May 9th Test (10am-3am)","Paused","0","285K","3.2K","1.1198","0.000","$2,279.71 / Unlimited","Pre-roll","56","$2,520.00",""
"","21877","Auto Air Pump - US - Desktop - 240508_03","Paused","10.500","422.6K","11.9K","2.8166","0.000","$4,357.37 / Unlimited","Pre-roll","58","$4,350.00",""
"","21876","SkyHawk Drone - US - Desktop - 240508_02","Paused","10.500","191.7K","5K","2.5922","0.000","$1,977.33 / Unlimited","Pre-roll","18","$1,530.00",""
"","21464","Logic Media May 8th Video Test","Paused","0","285K","3K","1.0542","0.000","$2,279.61 / Unlimited","Pre-roll","56","$2,520.00",""
"","21109","BrightGuard360 - All Devices & Hours - US - 240430_02","Paused","10.500","78.1K","1.4K","1.8081","0.000","$778.77 / Unlimited","Pre-roll","7","$407.69",""
"","21108","BuzzDefense Portable - US - Desktop - 240430_01","Paused","10.500","678.9K","21.4K","3.1593","0.000","$6,835.57 / Unlimited","Pre-roll","298","$13,856.07",""
"","20970","LifeHammer - US - Desktop - 240429_10","Paused","10.500","119.1K","3.4K","2.8416","0.000","$1,210.56 / Unlimited","Pre-roll","17","$680.00",""
"","20310","BrightGuard360 - Desktop - US - 240419_04","Paused","10.500","1.7M","51.4K","2.9917","0.000","$16,782.54 / Unlimited","Pre-roll","356","$21,006.33",""
"","20309","SmartStickPro - Desktop - US - 240419_03","Paused","10.500","664.1K","18.8K","2.8292","0.000","$6,778.27 / Unlimited","Pre-roll","145","$7,506.10",""
"","20272","MoonBeamUltra - Desktop - US - 240419_02","Paused","10.500","538.6K","16.2K","2.9986","0.000","$5,529.34 / Unlimited","Pre-roll","81","$4,398.45",""
"","20264","BuzzBugg - Desktop - US - 240419_01","Paused","10.500","856.2K","24.7K","2.8859","0.000","$8,835.04 / Unlimited","Pre-roll","207","$11,385.00",""
"","19356","VitalTac - US - All Devices (BL) - 240412_02","Paused","15.000","157.8K","2K","1.2854","0.000","$1,360.76 / Unlimited","Pre-roll","15","$735.00",""
"","19355","Stealth Bird - US - Desktop (BL) - 240412_01","Paused","15.000","76.7K","2.1K","2.6795","0.000","$1,019.66 / Unlimited","Pre-roll","6","$570.00",""
"","19275","FireBlaze - Desktop - US - 240411_02","Paused","10.500","299.6K","8.6K","2.8653","0.000","$3,059.14 / Unlimited","Pre-roll","71","$3,408.00",""
"","18880","BuzzKrush - CA - Desktop - 240405_02","Paused","10.500","0","0","0","0.000","$0.00 / Unlimited","Pre-roll","0","$0.00",""
"","18879","BuzzKrush - US - Desktop - 240405_01","Paused","10.500","18.2K","544","2.9907","0.000","$187.26 / Unlimited","Pre-roll","13","$715.00",""
"","18751","BuzzBash Portable - US - Desktop - 240404_02","Paused","10.500","277.1K","10.4K","3.7659","0.000","$2,834.90 / Unlimited","Pre-roll","179","$8,353.22",""
"","17754","VitalTac - CA - iOS - 240319_18","Paused","5.000","156.7K","340","0.217","0.000","$504.57 / Unlimited","Pre-roll","9","$441.00",""
"","17753","VitalTac - CA - Android - 240319_17","Paused","5.000","86.7K","201","0.2318","0.000","$270.03 / Unlimited","Pre-roll","2","$98.00",""
"","17752","VitalTac - CA - Desktop - 240319_16","Paused","10.500","201.7K","5.3K","2.6447","0.000","$1,659.91 / Unlimited","Pre-roll","32","$1,568.00",""
"","17747","OrthoSparkle - iOS - US - 240319_09","Paused","5.000","30.2K","94","0.3111","0.000","$145.24 / Unlimited","Pre-roll","2","$160.00",""
"","17746","OrthoSparkle - Desktop - US - 240319_08","Paused","10.500","46.2K","1.1K","2.3183","0.000","$480.59 / Unlimited","Pre-roll","4","$320.00",""
"","17745","Konpresio - Android - US - 240319_07","Paused","5.000","41.6K","80","0.1923","0.000","$201.59 / Unlimited","Pre-roll","3","$78.00",""
"","17744","Konpresio - Desktop - US - 240319_06","Paused","10.500","30.9K","723","2.3387","0.000","$322.10 / Unlimited","Pre-roll","6","$156.00",""
"","17743","Adjustable Glasses - Android - US - 240319_05","Paused","5.000","57.9K","116","0.2004","0.000","$281.93 / Unlimited","Pre-roll","5","$200.00",""
"","17742","Adjustable Glasses - Desktop - US - 240319_04","Paused","10.500","106.1K","2.6K","2.4658","0.000","$1,103.68 / Unlimited","Pre-roll","28","$1,120.00",""
"","17741","Plunge Blaster - Desktop - US - 240319_03","Paused","10.500","193.1K","4.6K","2.3782","0.000","$1,994.12 / Unlimited","Pre-roll","42","$1,890.00",""
"","17740","Fuel Save Pro - CA - Desktop - 240319_02","Paused","10.500","161.1K","4.1K","2.5567","0.000","$1,411.31 / Unlimited","Pre-roll","17","$1,054.00",""
"","17737","Fuel Save Pro - US - Desktop - 240319_01","Paused","10.500","116.7K","3.2K","2.7088","0.000","$1,212.50 / Unlimited","Pre-roll","18","$1,116.00",""
"","17630","VitalTac - US - iOS - 240315_02","Paused","6.000","413.3K","1.7K","0.4149","0.000","$2,196.34 / Unlimited","Pre-roll","71","$3,479.00",""
"","17629","VitalTac - US - Android - 240315_01","Paused","6.500","585.7K","2K","0.3483","0.000","$3,018.44 / Unlimited","Pre-roll","103","$5,047.00",""
"","17466","G-Plan Ozempic - Display 822x175 Android - US - 240313_04","Paused","3.000","18.5K","51","0.2755","0.000","$30.55 / Unlimited","822x175","0","$0.00",""
"","17465","G-Plan Ozempic - Display 822x175 Desktop - US - 240313_03","Paused","3.000","97.6K","163","0.1671","0.000","$161.00 / Unlimited","822x175","0","$0.00",""
"","17462","G-Plan Ozempic - Display 300x250 Android - US - 240313_02","Paused","3.000","19.5K","55","0.2823","0.000","$50.15 / Unlimited","300x250","0","$0.00",""
"","17461","G-Plan Ozempic - Display 300x250 Desktop - US - 240313_01","Paused","3.000","21.6K","12","0.0555","0.000","$50.22 / Unlimited","300x250","0","$0.00",""
"","17376","AirPhysio - Display 300x250 - US - 240312_01","Paused","3.500","207.1K","1.2K","0.591","0.000","$604.59 / Unlimited","300x250","3","$126.00",""
"","17317","VitalTac - US - Desktop - 240311_01","Paused","10.500","4M","126.2K","3.1837","0.000","$39,052.12 / Unlimited","Pre-roll","1,326","$64,974.00",""
"","16825","BatDefense - Display 822x175 - US - 240229_04","Paused","4.000","0","0","0","0.000","$0.00 / Unlimited","822x175","0","$0.00",""
"","16823","BatDefense - Display 300x250 - US - 240229_03","Paused","5.000","0","0","0","0.000","$0.00 / Unlimited","300x250","0","$0.00",""
"","16822","Konpresio - Display 822x175 - US - 240229_02","Paused","4.000","13.9K","27","0.1942","0.000","$53.57 / Unlimited","822x175","0","$0.00",""
"","16821","Konpresio - Display 300x250 - US - 240229_01","Paused","5.000","11.5K","67","0.5832","0.000","$56.36 / Unlimited","300x250","0","$0.00",""
"","16722","RecovStick - iOS - US - 240227_02","Paused","5.500","370K","2K","0.5289","0.000","$1,569.83 / Unlimited","Pre-roll","47","$2,444.00",""
"","16720","OrthoSparkle - iOS - US - 240227_01","Paused","4.000","230.1K","867","0.3768","0.000","$830.89 / Unlimited","Pre-roll","23","$1,840.00",""
"","16702","OrthoSparkle - Display 300x250 - US - 240226_06","Paused","5.000","41.3K","190","0.4601","0.000","$211.05 / Unlimited","300x250","0","$0.00",""
"","16701","OrthoSparkle - Display 822x175 - US - 240226_07","Paused","4.000","155.7K","375","0.2409","0.000","$507.31 / Unlimited","822x175","1","$80.00",""
"","16700","OrthoSparkle - Display 420x315 - US - 240226_08","Paused","10.000","7.6K","23","0.3015","0.000","$56.09 / Unlimited","420x315","0","$0.00",""
"","16690","Adjustable Glasses - Display 420x315 - US - 240226_05","Paused","10.000","5.9K","30","0.5074","0.000","$44.50 / Unlimited","420x315","0","$0.00",""
"","16689","Adjustable Glasses - Display 822x175 - US - 240226_04","Paused","4.000","503.6K","1.1K","0.2085","0.000","$1,473.83 / Unlimited","822x175","7","$280.00",""
"","16688","Adjustable Glasses - Display 300x250 - US - 240226_03","Paused","5.000","83.7K","422","0.5042","0.000","$417.51 / Unlimited","300x250","1","$40.00",""
"","16685","Konpresio - iOS - US - 240226_02","Paused","4.000","206.7K","736","0.3562","0.000","$725.67 / Unlimited","Pre-roll","31","$806.00",""
"","16684","Adjustable Glasses - iOS - US - 240226_01","Paused","5.000","690.2K","5.1K","0.7336","0.000","$2,739.75 / Unlimited","Pre-roll","99","$3,960.00",""
"","16437","Pest Defense - Desktop - US - 240221_03","Paused","10.500","402.4K","12.1K","3.0063","0.000","$4,189.20 / Unlimited","Pre-roll","129","$5,805.00",""
"","16233","Voltex Heated Vest - Desktop - US - 240216_08","Paused","10.500","93.9K","2.4K","2.5674","0.000","$974.17 / Unlimited","Pre-roll","0","$0.00",""
"","16102","TimberTech - Desktop - US - 240213_02","Paused","9.500","529.1K","15.3K","2.8959","0.000","$5,272.82 / Unlimited","Pre-roll","51","$4,080.00",""
"","16101","SafeHammer - Desktop - Global nonUSA - 240213_01","Paused","10.500","93K","4K","4.3226","0.000","$705.63 / Unlimited","Pre-roll","2","$97.03",""
"","15872","Konpresio - Android - US - 240205_03","Paused","3.500","1.8M","4.9K","0.27","0.000","$6,336.43 / Unlimited","Pre-roll","230","$5,980.00",""
"","15871","Plunge Blaster - Android - US - 240205_02","Paused","4.000","714.4K","1.8K","0.2539","0.000","$3,227.44 / Unlimited","Pre-roll","41","$1,845.00",""
"","15577","Stealth Bird - US - All Mobile - 240127_24","Paused","8.500","100.4K","480","0.4779","0.000","$596.63 / Unlimited","Pre-roll","3","$255.00",""
"","15576","Nano Sight - US - All Mobile -  240126_23","Paused","8.500","129.7K","880","0.6783","0.000","$765.65 / Unlimited","Pre-roll","7","$420.00",""
"","15575","Adjustable Glasses - Android - US - 240127_22","Paused","5.000","4.1M","39.7K","0.9677","0.000","$18,431.62 / Unlimited","Pre-roll","585","$23,400.00",""
"","15574","Fuel Save Pro - CA - All Mobile - 240127_21","Paused","8.500","66.2K","298","0.4502","0.000","$190.75 / Unlimited","Pre-roll","1","$62.00",""
"","15573","Fuel Save Pro - US - Android - 240127_20","Paused","4.000","480.2K","1.8K","0.3734","0.000","$2,232.76 / Unlimited","Pre-roll","26","$1,612.00",""
"","15572","OrthoSparkle - All Mobile - DE - 240127_19","Paused","8.500","47.3K","317","0.6696","0.000","$184.75 / Unlimited","Pre-roll","0","$0.00",""
"","15571","OrthoSparkle - All Mobile - CA - 240127_18","Paused","8.500","62.4K","327","0.5239","0.000","$371.50 / Unlimited","Pre-roll","5","$400.00",""
"","15570","OrthoSparkle - All Mobile - US - 240127_17","Paused","8.500","66.1K","340","0.5146","0.000","$406.54 / Unlimited","Pre-roll","4","$320.00",""
"","15569","OrthoSparkle - Desktop - DE - 240127_16","Paused","10.500","223.8K","9.8K","4.3651","0.000","$1,282.12 / Unlimited","Pre-roll","24","$1,920.00",""
"","15568","OrthoSparkle - Desktop - CA - 240127_15","Paused","10.500","32.5K","612","1.8845","0.000","$233.28 / Unlimited","Pre-roll","2","$160.00",""
"","15567","Adjustable Glasses - Desktop - CA - 240127_14","Paused","10.500","33K","792","2.4013","0.000","$235.87 / Unlimited","Pre-roll","5","$200.00",""
"","15566","RecovStick - Desktop - CA - 240127_13","Paused","10.500","28K","586","2.0962","0.000","$191.62 / Unlimited","Pre-roll","0","$0.00",""
"","15565","BlissHeat - Desktop - UK - 240127_12","Paused","10.500","31.2K","787","2.5195","0.000","$160.81 / Unlimited","Pre-roll","4","$248.00",""
"","15564","BlissHeat - Desktop - CA - 240127_11","Paused","10.500","42.5K","676","1.5914","0.000","$293.64 / Unlimited","Pre-roll","4","$260.00",""
"","15563","Headlamp - Desktop - US - 240127_10","Paused","10.500","345.9K","8.8K","2.538","0.000","$3,445.15 / Unlimited","Pre-roll","69","$3,933.00",""
"","15562","Konpresio - Desktop - US - 240127_09","Paused","9.500","853.2K","22.1K","2.5883","0.000","$8,714.55 / Unlimited","Pre-roll","336","$8,736.00",""
"","15561","RecovStick - Desktop - US - 240127_08","Paused","9.500","799.8K","21.5K","2.694","0.000","$8,006.61 / Unlimited","Pre-roll","177","$9,204.00",""
"","15560","Plunge Blaster - Desktop - US - 240127_07","Paused","9.500","1.4M","35.5K","2.5904","0.000","$11,670.84 / Unlimited","Pre-roll","328","$14,760.00",""
"","15559","FlashBeam Zap - Desktop - AU - 240127_06","Paused","10.500","88.9K","2K","2.2747","0.000","$722.98 / Unlimited","Pre-roll","11","$594.44",""
"","15558","BlissHeat - Desktop - US - 240127_05","Paused","10.500","33.9K","514","1.5156","0.000","$262.85 / Unlimited","Pre-roll","2","$130.00",""
"","15557","OrthoSparkle - Desktop - US - 240127_04","Paused","10.500","1.3M","34.4K","2.7113","0.000","$13,152.91 / Unlimited","Pre-roll","232","$18,560.00",""
"","15556","Adjustable Glasses - Desktop - US - 240127_03","Paused","10.500","1.6M","43.6K","2.7467","0.000","$16,343.80 / Unlimited","Pre-roll","626","$25,040.00",""
"","15555","SafeHammer - Desktop - US - 240127_02","Paused","10.500","181.9K","3.7K","2.0074","0.000","$1,804.79 / Unlimited","Pre-roll","28","$1,364.44",""
"","15524","Stealth Bird - NZ - Desktop - 240126_09","Paused","10.500","3.9K","117","3.0319","0.000","$17.83 / Unlimited","Pre-roll","0","$0.00",""
"","15523","Stealth Bird - AU - Desktop - 240126_08","Paused","10.500","93K","2.4K","2.5989","0.000","$724.03 / Unlimited","Pre-roll","10","$850.00",""
"","15522","Stealth Bird - US - Desktop - 240126_07","Paused","10.500","3M","83.3K","2.8147","0.000","$29,889.70 / Unlimited","Pre-roll","470","$44,280.00",""
"","15521","Stealth Bird - CA - Desktop - 240126_06","Paused","10.500","37.9K","1K","2.7388","0.000","$193.36 / Unlimited","Pre-roll","2","$170.00",""
"","15520","Fuel Save Pro - US - Desktop - 240126_05","Paused","10.500","2.2M","67.7K","3.0383","0.000","$23,205.02 / Unlimited","Pre-roll","480","$29,760.00",""
"","15519","Fuel Save Pro - CA - Desktop - 240126_04","Paused","10.500","643K","19.9K","3.0976","0.000","$4,131.16 / Unlimited","Pre-roll","62","$3,844.00",""
"","15518","Nano Sight - US - Desktop - 240126_03","Paused","10.500","741.6K","23.2K","3.1259","0.000","$6,972.34 / Unlimited","Pre-roll","109","$6,540.00",""
"","15517","BatDefense - US - Android - 240126_01","Paused","4.000","808.5K","2.3K","0.284","0.000","$3,089.49 / Unlimited","Pre-roll","50","$2,750.00",""
"","15516","BatDefense - US - Desktop - 240126_02","Paused","10.500","1.8M","44.5K","2.5142","0.000","$17,830.32 / Unlimited","Pre-roll","372","$20,460.00",""